,1,2,3,4,5,6,7,8,9,10,11,12
run,,,,,,,,,,,,
,1,1,1,1,1,1,0,1,0,1,0,1
,1,1,0,1,0,1,1,1,1,1,0,1
,1,1,1,1,0,0,0,1,0,0,0,1
,1,1,0,0,1,1,0,0,0,0,0,0
,1,1,0,0,0,0,1,0,0,0,0,1
,1,0,0,1,1,1,1,0,1,0,0,0
,1,0,0,0,0,0,0,1,1,1,1,0
,1,1,1,1,1,0,0,0,0,0,0,0
,1,1,1,1,1,0,1,1,0,1,0,1
,0,0,0,1,0,1,0,1,0,1,1,1
,0,0,1,1,1,1,0,0,1,1,1,1
,0,0,0,1,0,0,0,1,0,0,0,1
,1,1,0,1,0,1,0,0,0,1,0,0
,1,1,1,1,1,1,0,0,0,0,0,0
,1,1,0,0,1,0,0,0,0,1,0,0
,0,0,0,1,0,0,0,0,0,1,1,0
,1,1,1,1,1,1,1,1,0,1,0,0
,0,0,1,0,1,0,0,0,1,1,1,1
,1,1,1,1,0,0,0,0,0,0,0,0
,1,1,0,0,1,0,0,0,0,0,0,1
,1,1,0,0,1,0,0,1,1,0,1,0
,1,1,0,0,1,0,1,0,0,1,0,1
,1,1,1,0,0,1,0,1,1,0,0,1
,1,1,1,1,1,0,0,0,0,0,0,0
,0,0,1,0,0,0,0,0,0,0,0,0
,1,1,1,1,0,0,0,1,1,0,1,1
,1,1,1,0,0,1,0,0,0,0,0,0
,1,1,1,0,1,1,1,0,0,1,1,0
,1,1,1,1,1,0,1,0,0,0,0,0
,1,1,1,1,1,1,1,0,0,1,1,0
,1,1,0,1,0,1,1,0,0,0,0,0
mål,,,,,,,,,,,,
,,,,,,,,,,,,
accuracy,"0,806","0,742","0,548","0,613","0,548","0,452","0,323","0,355","0,258","0,452","0,290","0,419"
,,,,,,,,,,,,
succes,24,22,17,18,17,13,9,11,8,14,9,13