LETTER,,1,2,3,4,5,6,7,8,9,10,11,12
eks 1,,,,,,,,,,,,,
baseline,accuracy,"0,968","0,968","0,903","0,806","0,742","0,742","0,645","0,677","0,677","0,774","0,806","0,839"
speed,accuracy,"0,774","0,774","0,581","0,452","0,484","0,581","0,516","0,484","0,581","0,548","0,774","0,774"
run,accuracy,"0,806","0,742","0,548","0,613","0,548","0,452","0,323","0,355","0,258","0,452","0,290","0,419"
pause,accuracy,"0,839","0,774","0,742","0,516","0,645","0,581","0,419","0,452","0,323","0,516","0,645","0,774"
baseline 2,accuracy,"0,935","0,903","0,742","0,677","0,516","0,226","0,161","0,161","0,032","0,129","0,645","0,839"
art sup,accuracy,"0,645","0,323","0,032","0,032","0,000","0,000","0,032","0,097","0,161","0,290","0,774","0,871"
chunking,accuracy,"0,806","0,839","0,710","0,710","0,677","0,484","0,710","0,645","0,581","0,645","0,677","0,774"
finger,accuracy,"0,806","0,677","0,516","0,613","0,290","0,226","0,065","0,032","0,097","0,226","0,677","0,774"
,,,,,,,,,,,,,
,,,,,,,,,,,,,
,,,,,,,,,,,,,
,,,,,,,,,,,,,
LETTER,,1,2,3,4,5,6,7,8,9,10,11,12
baseline 2,accuracy,"0,935","0,903","0,742","0,677","0,516","0,226","0,161","0,161","0,032","0,129","0,645","0,839"
art sup,accuracy,"0,645","0,323","0,032","0,032","0,000","0,000","0,032","0,097","0,161","0,290","0,774","0,871"
chunking,accuracy,"0,806","0,839","0,710","0,710","0,677","0,484","0,710","0,645","0,581","0,645","0,677","0,774"
finger,accuracy,"0,806","0,677","0,516","0,613","0,290","0,226","0,065","0,032","0,097","0,226","0,677","0,774"